,Approaches_from__275_yards_Rgh_RANK THIS WEEK,Approaches_from__275_yards_Rgh_RANK LAST WEEK,Approaches_from__275_yards_Rgh_PLAYER NAME,Approaches_from__275_yards_Rgh_ROUNDS,Approaches_from__275_yards_Rgh_AVG,Approaches_from__275_yards_Rgh_TOTAL DISTANCE (FEET),Approaches_from__275_yards_Rgh_# OF ATTEMPTS,Approaches_from__275_yards_Rgh_RELATIVE TO PAR
0,1,1,Michael Kim,51,"1' 6""",1.5,1,-2
1,2,2,Cameron Davis,54,"8' 10""",8.833,1,-1
2,3,3,Aaron Baddeley,51,"16' 5""",16.417,1,-2
3,4,4,John Senden,39,"30' 11""",61.75,2,-2
4,5,5,Matt Kuchar,65,"31' 10""",63.583,2,-1
5,6,6,Emiliano Grillo,65,"33' 9""",67.417,2,E
6,7,8,Brady Schnell,38,"40' 1""",40.083,1,-1
7,8,9,Tyler Duncan,66,"41' 0""",81.917,2,-2
8,9,10,Corey Conners,62,"47' 3""",94.417,2,-2
9,10,11,Sungjae Im,88,"48' 6""",96.917,2,-2
10,11,12,Kyle Stanley,53,"48' 7""",48.583,1,-1
11,12,13,Jason Day,45,"49' 3""",49.25,1,-1
12,13,14,Rafa Cabrera Bello,57,"49' 7""",49.583,1,-1
13,14,15,Jon Rahm,51,"49' 9""",99.5,2,-2
14,15,16,Louis Oosthuizen,43,"54' 7""",54.583,1,-1
15,16,17,Brandon Harkins,67,"54' 9""",54.75,1,E
16,T17,T18,Sam Saunders,53,"55' 10""",167.5,3,E
17,T17,T18,Aaron Wise,52,"55' 10""",111.583,2,-2
18,19,20,Tyrrell Hatton,46,"56' 6""",113.0,2,-2
19,20,21,Matthew Fitzpatrick,42,"57' 11""",115.75,2,-1
20,21,22,Lucas Glover,62,"58' 5""",58.417,1,-1
21,22,23,Webb Simpson,53,"58' 11""",353.5,6,-5
22,23,24,Nick Taylor,70,"59' 6""",59.5,1,E
23,24,25,Lucas Bjerregaard,37,"59' 7""",119.167,2,-1
24,25,26,Charles Howell III,64,"60' 10""",60.833,1,E
25,26,27,Hank Lebioda,55,"60' 11""",182.833,3,-2
26,27,28,Rory Sabbatini,71,"61' 1""",244.25,4,-2
27,28,29,Kiradech Aphibarnrat,49,"62' 1""",124.167,2,E
28,29,30,David Hearn,41,"62' 6""",187.417,3,-2
29,30,31,Tony Finau,61,"63' 4""",316.5,5,-2
30,31,32,Jason Dufner,56,"65' 4""",65.333,1,+1
31,32,33,Roger Sloan,62,"66' 0""",198.083,3,-2
32,33,34,Curtis Luck,51,"66' 7""",332.833,5,+4
33,34,35,Kevin Na,54,"67' 3""",201.75,3,E
34,35,36,Martin Laird,60,"67' 11""",203.75,3,-2
35,36,37,Sepp Straka,48,"68' 11""",206.667,3,-2
36,37,38,Ian Poulter,49,"69' 6""",69.5,1,-1
37,38,39,Andrew Landry,56,"71' 11""",143.833,2,-1
38,39,40,Bill Haas,58,"74' 4""",223.083,3,-2
39,40,41,Jonathan Byrd,43,"74' 10""",224.5,3,-1
40,T41,T42,Abraham Ancer,69,"74' 11""",74.917,1,E
41,T41,T42,Ernie Els,43,"74' 11""",74.917,1,E
42,43,44,Rory McIlroy,50,"75' 1""",150.083,2,-2
43,44,45,Jhonattan Vegas,60,"75' 8""",151.333,2,-2
44,45,46,Cameron Tringale,52,"75' 10""",75.833,1,E
45,46,47,Cody Gribble,52,"76' 1""",152.167,2,+4
46,47,48,Satoshi Kodaira,51,"76' 4""",228.917,3,E
47,48,49,Jim Furyk,53,"76' 11""",76.917,1,E
48,49,50,Chesson Hadley,58,"77' 0""",308.0,4,-2
49,50,51,Bryson DeChambeau,45,"77' 1""",308.25,4,-1
50,51,52,Jonas Blixt,66,"77' 2""",77.167,1,E
51,52,53,Michael Thompson,56,"77' 3""",154.417,2,+2
52,53,54,Ryan Palmer,56,"77' 5""",154.833,2,-1
53,54,55,Chez Reavie,67,"77' 9""",77.75,1,E
54,55,56,J.J. Spaun,68,"77' 11""",389.583,5,E
55,56,57,Chris Kirk,47,"79' 1""",395.25,5,-1
56,57,58,Hideki Matsuyama,59,"79' 3""",237.833,3,-1
57,T58,T59,Phil Mickelson,41,"79' 10""",239.417,3,-1
58,T58,T59,D.A. Points,33,"79' 10""",79.833,1,-1
59,60,61,Trey Mullinax,67,"79' 11""",399.667,5,-2
60,61,62,Shawn Stefani,57,"80' 3""",240.667,3,-1
61,62,63,Paul Casey,51,"80' 6""",321.83299999999997,4,E
62,63,64,Kyle Jones,49,"80' 7""",80.583,1,-1
63,64,65,Nick Watney,67,"81' 0""",243.0,3,-3
64,65,66,Bud Cauley,61,"81' 2""",405.75,5,-4
65,66,67,Adam Svensson,51,"81' 7""",408.0,5,-3
66,67,68,Sam Burns,66,"81' 11""",491.5,6,-4
67,68,69,Keegan Bradley,65,"82' 0""",163.917,2,-2
68,69,70,Talor Gooch,37,"82' 1""",164.083,2,-2
69,70,71,Marc Leishman,52,"82' 6""",164.917,2,-1
70,71,72,Richy Werenski,63,"83' 4""",250.083,3,-1
71,72,73,Carlos Ortiz,60,"83' 9""",335.0,4,-2
72,73,74,Martin Trainer,51,"84' 6""",422.417,5,+3
73,74,75,Kevin Kisner,65,"85' 1""",425.333,5,E
74,75,76,Si Woo Kim,65,"86' 6""",259.41700000000003,3,-2
75,76,77,Byeong Hun An,54,"86' 7""",346.25,4,-3
76,77,78,Danny Willett,47,"86' 11""",260.66700000000003,3,-1
77,78,79,Freddie Jacobson,37,"88' 1""",176.167,2,+1
78,79,80,Charley Hoffman,58,"88' 2""",352.5,4,-4
79,80,81,Grayson Murray,36,"88' 11""",444.667,5,E
80,81,82,Sung Kang,67,"89' 8""",537.9169999999999,6,-2
81,82,83,Cameron Smith,55,"90' 7""",90.583,1,E
82,83,84,C.T. Pan,64,"90' 9""",363.083,4,-3
83,84,85,Matt Jones,67,"91' 1""",910.5830000000001,10,-5
84,85,86,J.B. Holmes,54,"91' 5""",182.75,2,E
85,86,87,Cameron Champ,58,"91' 9""",183.417,2,E
86,87,88,Adam Long,52,"92' 1""",92.083,1,E
87,88,89,Roberto Díaz,51,"92' 2""",92.167,1,-1
88,T89,T90,Jim Herman,37,"92' 11""",185.833,2,E
89,T89,T90,Martin Kaymer,38,"92' 11""",92.917,1,-1
90,91,92,Scott Brown,66,"93' 3""",373.0,4,-2
91,92,93,Patton Kizzire,58,"93' 7""",93.583,1,-1
92,93,94,Tom Hoge,70,"94' 0""",846.0830000000001,9,-4
93,94,95,Brian Gay,79,"94' 3""",94.25,1,E
94,95,96,Sergio Garcia,39,"94' 4""",188.667,2,-1
95,96,97,Wyndham Clark,61,"94' 5""",188.75,2,-1
96,97,98,Max Homa,61,"95' 3""",476.333,5,-1
97,98,999,Tyrone Van Aswegen,30,"95' 5""",95.417,1,E
98,99,99,Rickie Fowler,54,"95' 10""",287.41700000000003,3,-1
99,100,100,Jason Kokrak,68,"96' 0""",671.75,7,-1
100,101,101,Scott Stallings,63,"96' 2""",480.917,5,-1
101,T102,T102,Luke List,52,"97' 5""",389.5,4,-1
102,T102,T102,Keith Mitchell,64,"97' 5""",97.417,1,E
103,104,999,Shane Lowry,30,"97' 6""",292.5,3,-1
104,105,104,Gary Woodland,63,"97' 8""",195.333,2,-1
105,106,105,Justin Thomas,49,"97' 9""",293.16700000000003,3,-3
106,107,106,Branden Grace,62,"97' 10""",391.167,4,-1
107,108,107,Seth Reeves,52,"98' 0""",98.0,1,+1
108,109,108,Justin Rose,42,"98' 2""",196.333,2,E
109,110,109,Peter Malnati,64,"99' 7""",298.75,3,E
110,111,110,Patrick Cantlay,49,"99' 10""",199.583,2,-2
111,112,111,John Huh,35,"100' 1""",200.167,2,E
112,113,112,Daniel Berger,48,"100' 8""",302.08299999999997,3,-3
113,114,113,Harris English,72,"101' 6""",812.25,8,-5
114,115,135,Whee Kim,57,"102' 11""",205.75,2,-2
115,116,114,Peter Uihlein,65,"103' 2""",309.58299999999997,3,E
116,117,115,Dustin Johnson,47,"104' 2""",208.25,2,-1
117,118,116,Dylan Frittelli,55,"104' 3""",521.1669999999999,5,-2
118,119,117,Josh Teater,47,"104' 4""",208.667,2,-2
119,120,118,Stephan Jaeger,59,"105' 0""",630.0830000000001,6,-1
120,T121,T119,Russell Henley,56,"106' 0""",106.0,1,E
121,T121,T119,Henrik Stenson,46,"106' 0""",106.0,1,E
122,123,121,Kelly Kraft,67,"106' 4""",319.0,3,-1
123,T124,T122,Ollie Schniederjans,63,"106' 9""",533.8330000000001,5,-4
124,T124,T122,D.J. Trahan,33,"106' 9""",213.5,2,-1
125,126,124,Andrew Putnam,57,"107' 3""",107.25,1,-1
126,127,125,Haotong Li,32,"107' 6""",322.41700000000003,3,-1
127,128,126,Jimmy Walker,61,"108' 1""",432.333,4,E
128,129,127,Robert Streb,60,"108' 5""",433.75,4,-1
129,130,128,Brian Harman,67,"109' 3""",546.25,5,-1
130,131,129,Ryan Moore,54,"109' 9""",219.5,2,E
131,132,130,Johnson Wagner,45,"109' 11""",219.833,2,E
132,133,131,José de Jesús Rodríguez,51,"110' 0""",329.917,3,E
133,134,132,Xander Schauffele,55,"110' 9""",332.167,3,-2
134,135,133,Hunter Mahan,45,"110' 11""",110.917,1,E
135,136,134,"Ted Potter, Jr.",56,"111' 3""",333.833,3,+2
136,137,136,Bubba Watson,47,"113' 2""",226.25,2,-1
137,T138,T137,Tommy Fleetwood,43,"113' 6""",340.5,3,-2
138,T138,T137,Danny Lee,66,"113' 6""",340.583,3,E
139,140,139,Denny McCarthy,63,"113' 8""",681.9169999999999,6,-4
140,141,140,Ryan Blaum,67,"114' 2""",342.583,3,E
141,142,141,Mackenzie Hughes,58,"114' 3""",571.1669999999999,5,-3
142,143,142,Patrick Reed,53,"115' 3""",230.5,2,-2
143,144,143,John Chin,38,"117' 3""",234.417,2,E
144,145,144,Adam Schenk,80,"120' 1""",360.167,3,-1
145,146,145,Wes Roach,45,"120' 6""",120.5,1,E
146,147,146,Kevin Tway,62,"121' 6""",243.0,2,-2
147,148,147,Jim Knous,55,"122' 4""",489.333,4,E
148,149,148,Bronson Burgoon,37,"122' 5""",122.417,1,-1
149,150,149,Joel Dahmen,78,"124' 10""",249.583,2,-1
150,151,150,Sebastián Muñoz,58,"125' 7""",251.167,2,E
151,152,151,Kevin Streelman,63,"127' 1""",381.333,3,+2
152,153,152,Vaughn Taylor,69,"127' 10""",255.583,2,-1
153,154,153,Ben Crane,41,"128' 11""",128.917,1,E
154,155,154,Fabián Gómez,44,"130' 4""",391.083,3,-2
155,156,155,Joaquin Niemann,68,"134' 1""",268.08299999999997,2,-1
156,157,156,Joey Garber,44,"135' 4""",676.5,5,-1
157,158,157,Ben Silverman,54,"135' 8""",135.667,1,E
158,159,158,Charl Schwartzel,34,"136' 0""",136.0,1,-1
159,160,159,Billy Horschel,73,"136' 7""",409.667,3,+1
160,161,160,Chris Thompson,34,"137' 8""",275.33299999999997,2,E
161,162,161,Beau Hossler,66,"140' 7""",702.75,5,+1
162,163,162,Hudson Swafford,59,"142' 9""",142.75,1,-1
163,164,163,Seamus Power,58,"144' 3""",144.25,1,E
164,165,164,Jordan Spieth,57,"147' 8""",295.33299999999997,2,E
165,166,165,Kramer Hickok,59,"148' 7""",148.583,1,E
166,167,166,Julián Etulain,55,"151' 4""",302.66700000000003,2,-2
167,168,167,Scott Piercy,70,"154' 3""",154.25,1,E
168,169,168,Sangmoon Bae,42,"156' 7""",313.16700000000003,2,-2
169,170,169,Brooks Koepka,49,"169' 5""",169.417,1,-1
170,171,170,Ryan Armour,66,"170' 4""",170.333,1,+1
171,172,999,Martin Piller,30,"170' 10""",170.833,1,-1
172,173,171,Adam Hadwin,66,"180' 11""",180.917,1,-2
